{
  "build": [
    {
      "enabled": true,
      "continueOnError": false,
      "alwaysRun": false,
      "displayName": "Cleanup Docker",
      "timeoutInMinutes": 0,
      "condition": "succeeded()",
      "task": {
        "id": "d9bafed4-0b18-4f58-968d-86655b4d2ce9",
        "versionSpec": "1.*",
        "definitionType": "task"
      },
      "inputs": {
        "filename": "docker",
        "arguments": "system prune -a -f",
        "workingFolder": "",
        "failOnStandardError": "false"
      }
    },
    {
      "enabled": true,
      "continueOnError": false,
      "alwaysRun": false,
      "displayName": "Pull image-builder",
      "timeoutInMinutes": 0,
      "condition": "succeeded()",
      "task": {
        "id": "d9bafed4-0b18-4f58-968d-86655b4d2ce9",
        "versionSpec": "1.*",
        "definitionType": "task"
      },
      "inputs": {
        "filename": "docker",
        "arguments": "pull $(image-builder.imageName)",
        "workingFolder": "",
        "failOnStandardError": "false"
      }
    },
    {
      "enabled": true,
      "continueOnError": false,
      "alwaysRun": false,
      "displayName": "Publish Manifest",
      "timeoutInMinutes": 0,
      "condition": "succeeded()",
      "task": {
        "id": "d9bafed4-0b18-4f58-968d-86655b4d2ce9",
        "versionSpec": "1.*",
        "definitionType": "task"
      },
      "inputs": {
        "filename": "docker",
        "arguments": "run --rm -v /var/run/docker.sock:/var/run/docker.sock -v $(Build.SourcesDirectory):/repo -w /repo --name $(image-builder.containerName) $(image-builder.imageName) $(image-builder.publishManifest.args)",
        "workingFolder": "",
        "failOnStandardError": "false"
      }
    },
    {
      "enabled": true,
      "continueOnError": false,
      "alwaysRun": false,
      "displayName": "Update Readme",
      "timeoutInMinutes": 0,
      "condition": "succeeded()",
      "task": {
        "id": "d9bafed4-0b18-4f58-968d-86655b4d2ce9",
        "versionSpec": "1.*",
        "definitionType": "task"
      },
      "inputs": {
        "filename": "docker",
        "arguments": "run --rm -v /var/run/docker.sock:/var/run/docker.sock -v $(Build.SourcesDirectory):/repo -w /repo --name $(image-builder.containerName) $(image-builder.imageName) $(image-builder.updateReadme.args)",
        "workingFolder": "",
        "failOnStandardError": "false"
      }
    },
    {
      "enabled": true,
      "continueOnError": true,
      "alwaysRun": true,
      "displayName": "Cleanup Docker",
      "timeoutInMinutes": 0,
      "condition": "always()",
      "task": {
        "id": "d9bafed4-0b18-4f58-968d-86655b4d2ce9",
        "versionSpec": "1.*",
        "definitionType": "task"
      },
      "inputs": {
        "filename": "docker",
        "arguments": "system prune -a -f",
        "workingFolder": "",
        "failOnStandardError": "false"
      }
    }
  ],
  "options": [
    {
      "enabled": false,
      "definition": {
        "id": "5bc3cfb7-6b54-4a4b-b5d2-a3905949f8a6"
      },
      "inputs": {}
    },
    {
      "enabled": false,
      "definition": {
        "id": "7c555368-ca64-4199-add6-9ebaf0b0137d"
      },
      "inputs": {
        "multipliers": "[]",
        "parallel": "false",
        "continueOnError": "true",
        "additionalFields": "{}"
      }
    },
    {
      "enabled": false,
      "definition": {
        "id": "a9db38f9-9fdc-478c-b0f9-464221e58316"
      },
      "inputs": {
        "workItemType": "234347",
        "assignToRequestor": "true",
        "additionalFields": "{}"
      }
    },
    {
      "enabled": false,
      "definition": {
        "id": "57578776-4c22-4526-aeb0-86b6da17ee9c"
      },
      "inputs": {}
    }
  ],
  "variables": {
    "system.debug": {
      "value": "false",
      "allowOverride": true
    },
    "image-builder.imageName": {
      "value": "microsoft/dotnet-buildtools-prereqs:image-builder-jessie-20171020090934"
    },
    "image-builder.common.args": {
      "value": "--manifest manifest.json --username $(PB.docker.username) --password $(PB.docker.password) $(PB.image-builder.customCommonArgs)",
      "allowOverride": true
    },
    "image-builder.publishManifest.args": {
      "value": "publishManifest $(image-builder.common.args)",
      "allowOverride": true
    },
    "image-builder.updateReadme.args": {
      "value": "updateReadme $(image-builder.common.args)",
      "allowOverride": true
    },
    "image-builder.containerName": {
      "value": "$(Build.DefinitionName)-$(Build.BuildId)"
    },
    "PB.image-builder.customCommonArgs": {
      "value": ""
    },
    "PB.docker.password": {
      "value": null,
      "isSecret": true
    }
  },
  "demands": [
    "Agent.OS -equals linux"
  ],
  "retentionRules": [
    {
      "branches": [
        "+refs/heads/*"
      ],
      "artifacts": [],
      "artifactTypesToDelete": [
        "FilePath",
        "SymbolStore"
      ],
      "daysToKeep": 10,
      "minimumToKeep": 1,
      "deleteBuildRecord": true,
      "deleteTestResults": true
    }
  ],
  "jobAuthorizationScope": "projectCollection",
  "jobTimeoutInMinutes": 60,
  "jobCancelTimeoutInMinutes": 5,
  "repository": {
    "properties": {
      "cleanOptions": "3",
      "gitLfsSupport": "false",
      "skipSyncSource": "false",
      "reportBuildStatus": "true",
      "fetchDepth": "0",
      "connectedServiceId": "1e3b2b41-8d83-4240-a16f-6fc0b825d0d6",
      "apiUrl": "https://api.github.com/repos/dotnet/dotnet-docker-samples",
      "branchesUrl": "https://api.github.com/repos/dotnet/dotnet-docker-samples/branches",
      "cloneUrl": "https://github.com/dotnet/dotnet-docker-samples.git",
      "refsUrl": "https://api.github.com/repos/dotnet/dotnet-docker-samples/git/refs",
      "checkoutNestedSubmodules": "false"
    },
    "id": "https://github.com/dotnet/dotnet-docker-samples.git",
    "type": "GitHub",
    "name": "dotnet/dotnet-docker-samples",
    "url": "https://github.com/dotnet/dotnet-docker-samples.git",
    "defaultBranch": "master",
    "clean": "true",
    "checkoutSubmodules": false
  },
  "processParameters": {},
  "quality": "definition",
  "queue": {
    "id": 36,
    "name": "DotNet-Build",
    "pool": {
      "id": 39,
      "name": "DotNet-Build"
    }
  },
  "id": 6218,
  "name": "dotnet-docker-samples-post-image-build",
  "url": "https://devdiv.visualstudio.com/0bdbc590-a062-4c3f-b0f6-9383f67865ee/_apis/build/Definitions/6218",
  "path": "\\",
  "type": "build",
  "project": {
    "id": "0bdbc590-a062-4c3f-b0f6-9383f67865ee",
    "name": "DevDiv",
    "description": "Visual Studio and DevDiv team project for git source code repositories.  Work items will be added for Adams, Dev14 work items are tracked in vstfdevdiv.  ",
    "url": "https://devdiv.visualstudio.com/_apis/projects/0bdbc590-a062-4c3f-b0f6-9383f67865ee",
    "state": "wellFormed",
    "revision": 418097676
  }
}
