{
  "Repository": "dotnet-docker-samples",
  "Definitions": {
    "Path": ".",
    "Type": "VSTS",
    "BaseUrl": "https://devdiv.visualstudio.com/DefaultCollection",
    "SkipBranchAndVersionOverrides": "false"
  },
  "Pipelines": [
    {
      "Name": "Build Linux AMD64 Images",
      "Parameters": {
        "TreatWarningsAsErrors": "false"
      },
      "Definitions": [
        {
          "Name": "dotnet-docker-samples-linux-amd64-images"
        }
      ]
    },
    {
      "Name": "Build Linux ARM32v7 Images",
      "Parameters": {
        "TreatWarningsAsErrors": "false"
      },
      "Definitions": [
        {
          "Name": "dotnet-docker-samples-linux-arm32v7-images"
        }
      ]
    },
    {
      "Name": "Build Windows AMD64 Images",
      "Parameters": {
        "TreatWarningsAsErrors": "false"
      },
      "Definitions": [
        {
          "Name": "dotnet-docker-samples-windows-amd64-images",
          "Parameters": {
            "PB.image-builder.customCommonArgs": "--os-version 10.0.14393"
          }
        }
      ]
    },
    {
      "Name": "Build Windows 1709 AMD64 Images",
      "Parameters": {
        "TreatWarningsAsErrors": "false"
      },
      "Definitions": [
        {
          "Name": "dotnet-docker-samples-windows-1709-amd64-images",
          "Parameters": {
            "PB.image-builder.customCommonArgs": "--os-version 10.0.16299"
          }
        }
      ]
    },
    {
      "Name": "Post Image Build",
      "Parameters": {
        "TreatWarningsAsErrors": "false"
      },
      "Definitions": [
        {
          "Name": "dotnet-docker-samples-post-image-build"
        }
      ],
      "DependsOn": [
        "Build Windows 1709 AMD64 Images",
        "Build Windows AMD64 Images",
        "Build Linux AMD64 Images",
        "Build Linux ARM32v7 Images"
      ]
    }
  ]
}
